perturbation,HALLMARK_TNFA_SIGNALING_VIA_NFKB,HALLMARK_HYPOXIA,HALLMARK_G2M_CHECKPOINT,HALLMARK_ADIPOGENESIS,HALLMARK_ESTROGEN_RESPONSE_EARLY,HALLMARK_ESTROGEN_RESPONSE_LATE,HALLMARK_MYOGENESIS,HALLMARK_INTERFERON_GAMMA_RESPONSE,HALLMARK_APICAL_JUNCTION,HALLMARK_COMPLEMENT,HALLMARK_MTORC1_SIGNALING,HALLMARK_E2F_TARGETS,HALLMARK_MYC_TARGETS_V1,HALLMARK_EPITHELIAL_MESENCHYMAL_TRANSITION,HALLMARK_INFLAMMATORY_RESPONSE,HALLMARK_XENOBIOTIC_METABOLISM,HALLMARK_OXIDATIVE_PHOSPHORYLATION,HALLMARK_GLYCOLYSIS,HALLMARK_P53_PATHWAY,HALLMARK_HEME_METABOLISM,HALLMARK_ALLOGRAFT_REJECTION,HALLMARK_KRAS_SIGNALING_UP,HALLMARK_KRAS_SIGNALING_DN,HALLMARK_MITOTIC_SPINDLE,HALLMARK_IL2_STAT5_SIGNALING,HALLMARK_APOPTOSIS,HALLMARK_FATTY_ACID_METABOLISM,HALLMARK_UV_RESPONSE_UP,HALLMARK_DNA_REPAIR,HALLMARK_UV_RESPONSE_DN,HALLMARK_COAGULATION,HALLMARK_SPERMATOGENESIS,HALLMARK_UNFOLDED_PROTEIN_RESPONSE,HALLMARK_BILE_ACID_METABOLISM,HALLMARK_PI3K_AKT_MTOR_SIGNALING,HALLMARK_PEROXISOME,HALLMARK_ANDROGEN_RESPONSE,HALLMARK_INTERFERON_ALPHA_RESPONSE,HALLMARK_PROTEIN_SECRETION,HALLMARK_IL6_JAK_STAT3_SIGNALING,HALLMARK_CHOLESTEROL_HOMEOSTASIS,HALLMARK_MYC_TARGETS_V2,HALLMARK_TGF_BETA_SIGNALING,HALLMARK_REACTIVE_OXYGEN_SPECIES_PATHWAY,HALLMARK_APICAL_SURFACE,HALLMARK_WNT_BETA_CATENIN_SIGNALING,HALLMARK_PANCREAS_BETA_CELLS,HALLMARK_HEDGEHOG_SIGNALING,HALLMARK_ANGIOGENESIS,HALLMARK_NOTCH_SIGNALING
NTg1,3.0563263814231587,0.392555101345414,0.3344769706495156,0.6563727957933831,0.1693632316628214,0.7156954083230431,0.8379775193473393,5.245495410199768,0.4298144974392295,2.092795039440452,0.13016627127880748,0.5820303179306818,-0.0,2.188005393607646,3.988071055485028,0.4298144974392295,0.03745924384596685,0.03745924384596685,1.4877359898324765,0.16534659293637907,0.7282487811347562,2.969407891830338,-0.0,-0.0,0.6563727957933831,1.2597509453999525,1.4656139467562197,0.9160717380232557,0.062294695770729644,-0.0,1.8371008774191235,-0.0,0.37774903868508325,-0.0,0.13369499899655896,0.13588770492732924,-0.0,2.080691597029355,-0.0,1.6855120916013522,0.635243825954304,-0.0,0.2835764375563126,1.6127723305039754,-0.0,-0.0,0.6868707251475281,-0.0,2.371394453101557,-0.0
NTg10,1.8701905628548172,1.5939829353342163,-0.0,0.15204427737785753,0.392555101345414,0.39651989005464505,0.056902389884237715,10.0,-0.0,3.3678821132403924,0.03090214719636495,-0.0,0.13016627127880748,1.1386298828951664,4.751471901569908,0.048973970550640324,0.03745924384596685,0.03745924384596685,2.0152124052445304,0.041563733259286965,6.7790920327466875,0.44306166026324756,-0.0,-0.0,0.6563727957933831,1.2597509453999525,0.2589858554087423,1.3964483798998981,-0.0,-0.0,0.36343202683924125,-0.0,0.37774903868508325,-0.0,0.13369499899655896,-0.0,-0.0,4.528771163648638,0.14508229235007464,2.4209280812022946,0.635243825954304,-0.0,-0.0,-0.0,0.45314059163856135,-0.0,-0.0,-0.0,2.371394453101557,-0.0
NTg2,0.5870323777493343,0.392555101345414,0.13983544807160156,0.03745924384596685,0.0428194038316623,0.17140924148787443,0.2129945135172576,10.0,-0.0,0.6853367894688285,0.03090214719636495,-0.0,-0.0,0.7282487811347562,3.988071055485028,0.1887303140972288,-0.0,0.358696136699317,0.6507401325491515,-0.0,2.188005393607646,2.3185359335618156,0.7722100121893135,-0.0,2.6226130217083385,0.8160596965743662,0.2589858554087423,0.06618692510630703,0.062294695770729644,-0.0,0.36343202683924125,-0.0,-0.0,-0.0,-0.0,0.13588770492732924,-0.0,10.0,0.14508229235007464,2.4209280812022946,0.21867436511217475,-0.0,0.2835764375563126,0.8844086778149785,-0.0,-0.0,0.6868707251475281,-0.0,1.361215505885984,-0.0
NTg3,-0.0,0.392555101345414,0.13983544807160156,0.03745924384596685,-0.0,0.17140924148787443,0.056902389884237715,3.734679655078286,0.1887303140972288,2.092795039440452,0.13016627127880748,0.03044898460329131,0.13016627127880748,1.1386298828951664,0.15204427737785753,0.1887303140972288,0.03745924384596685,-0.0,0.3551275668933957,0.16534659293637907,5.0391064293819126,0.7878387206622981,-0.0,0.03090214719636495,0.15204427737785753,0.46141557458560667,0.2589858554087423,0.06618692510630703,0.062294695770729644,0.08072783690105496,0.36343202683924125,-0.0,0.7722100121893135,0.13588770492732924,1.3987171516278112,0.43051167313617694,0.1550061288829249,2.821500268899934,-0.0,-0.0,-0.0,-0.0,-0.0,0.8844086778149785,-0.0,-0.0,-0.0,-0.0,2.371394453101557,-0.0
NTg4,0.9411317651796155,0.7095080054517746,0.6180137600837907,0.03745924384596685,0.1693632316628214,0.17140924148787443,0.056902389884237715,6.9454620817363235,-0.0,0.0403459405616966,0.3150643979256573,0.9340631125913762,1.8701905628548172,0.7282487811347562,1.4979788684800328,0.1887303140972288,-0.0,0.03745924384596685,1.0306966711889545,0.3847507441037184,0.40457740345517473,0.7878387206622981,0.37774903868508325,0.03090214719636495,0.6563727957933831,0.46141557458560667,0.5608104147589565,0.06618692510630703,0.062294695770729644,-0.0,0.36343202683924125,-0.0,0.11567298275427809,-0.0,-0.0,0.13588770492732924,0.4792109704763898,9.862298989060971,-0.0,0.5424689622677614,-0.0,0.7392316789472965,-0.0,0.32583098272888067,-0.0,-0.0,0.6868707251475281,-0.0,1.361215505885984,-0.0
NTg5,0.5870323777493343,0.392555101345414,0.13983544807160156,0.358696136699317,0.0428194038316623,0.39651989005464505,0.056902389884237715,2.4335337571096023,0.1887303140972288,1.550446173063997,0.3150643979256573,0.12862182700826633,1.3709137382306005,0.04477672794295085,1.0385765252132555,0.048973970550640324,0.358696136699317,0.03745924384596685,0.6507401325491515,0.041563733259286965,1.1386298828951664,0.19568830191852318,0.7722100121893135,0.03090214719636495,0.15204427737785753,0.8160596965743662,0.5608104147589565,0.06618692510630703,0.062294695770729644,-0.0,0.11028702852884227,-0.0,0.37774903868508325,-0.0,0.424856384862822,-0.0,0.1550061288829249,3.6399646366253893,-0.0,0.5424689622677614,1.2072555185818277,0.26272126713031335,1.4564559147439595,0.32583098272888067,-0.0,-0.0,-0.0,-0.0,-0.0,-0.0
NTg7,1.3709137382306005,0.1693632316628214,0.03376905117920521,1.4979788684800328,-0.0,0.04346183909612465,0.4757236134745276,7.861599483728666,0.1887303140972288,4.091725504893003,0.13016627127880748,-0.0,0.03090214719636495,1.6275912215857873,3.2773372311939344,0.7673924500722137,-0.0,-0.0,2.6074311429336032,0.041563733259286965,2.188005393607646,2.3185359335618156,-0.0,-0.0,2.0278965464553247,1.7835067012843788,0.2589858554087423,0.5270584946514052,-0.0,-0.0,2.5160690639221452,-0.0,0.7722100121893135,-0.0,0.13369499899655896,0.13588770492732924,0.1550061288829249,7.565405032503728,-0.0,5.126354196700287,0.21867436511217475,-0.0,0.2835764375563126,0.32583098272888067,-0.0,-0.0,0.6868707251475281,-0.0,0.5413963639219164,-0.0
NTg8,0.13016627127880748,0.392555101345414,-0.0,1.0385765252132555,-0.0,0.04346183909612465,0.2129945135172576,9.81901816594275,-0.0,0.6853367894688285,0.5870323777493343,-0.0,1.8701905628548172,0.40457740345517473,0.6563727957933831,0.1887303140972288,0.6563727957933831,1.0385765252132555,1.0306966711889545,0.16534659293637907,0.40457740345517473,0.44306166026324756,0.37774903868508325,-0.0,1.0385765252132555,0.46141557458560667,1.4656139467562197,0.06618692510630703,0.062294695770729644,-0.0,0.36343202683924125,-0.0,0.11567298275427809,-0.0,-0.0,0.13588770492732924,-0.0,10.0,-0.0,0.5424689622677614,0.21867436511217475,0.7392316789472965,-0.0,0.32583098272888067,-0.0,-0.0,-0.0,-0.0,0.5413963639219164,-0.0
NTg9,0.9411317651796155,0.7095080054517746,0.6180137600837907,1.0385765252132555,0.0428194038316623,0.39651989005464505,-0.0,3.0563263814231587,0.4298144974392295,0.6853367894688285,0.5870323777493343,0.12862182700826633,0.5870323777493343,2.188005393607646,1.4979788684800328,0.1887303140972288,1.0385765252132555,0.358696136699317,3.2596142640640675,-0.0,1.6275912215857873,0.44306166026324756,-0.0,-0.0,1.0385765252132555,1.2597509453999525,0.5608104147589565,0.2405953406558609,0.062294695770729644,-0.0,0.7472195225895986,-0.0,-0.0,-0.0,0.13369499899655896,-0.0,0.1550061288829249,3.6399646366253893,-0.0,1.0530563272748197,0.635243825954304,-0.0,-0.0,-0.0,-0.0,-0.0,-0.0,-0.0,2.371394453101557,-0.0
tar-ATF2,0.9411317651796155,0.1693632316628214,0.13983544807160156,0.03745924384596685,0.0428194038316623,0.17140924148787443,-0.0,10.0,-0.0,0.0403459405616966,0.13016627127880748,-0.0,0.03090214719636495,0.04477672794295085,5.564734216777602,0.1887303140972288,-0.0,0.03745924384596685,0.3551275668933957,-0.0,1.6275912215857873,0.05122372862116384,0.7722100121893135,-0.0,0.6563727957933831,0.8160596965743662,0.5608104147589565,0.06618692510630703,0.062294695770729644,-0.0,-0.0,-0.0,0.37774903868508325,-0.0,-0.0,0.13588770492732924,-0.0,10.0,-0.0,1.6855120916013522,0.21867436511217475,-0.0,0.2835764375563126,0.8844086778149785,-0.0,-0.0,-0.0,-0.0,-0.0,-0.0
tar-BRD4,2.4335337571096023,0.392555101345414,-0.0,0.03745924384596685,-0.0,0.04346183909612465,0.056902389884237715,8.819854309346015,0.4298144974392295,1.550446173063997,1.3709137382306005,-0.0,0.3150643979256573,0.40457740345517473,1.4979788684800328,0.4298144974392295,0.15204427737785753,0.15204427737785753,2.0152124052445304,-0.0,1.1386298828951664,1.2209463639798102,-0.0,-0.0,1.4979788684800328,1.7835067012843788,0.2589858554087423,2.59379522354458,-0.0,-0.0,0.7472195225895986,-0.0,0.37774903868508325,0.13588770492732924,0.13369499899655896,0.8633964793471515,-0.0,2.821500268899934,0.14508229235007464,1.6855120916013522,0.635243825954304,-0.0,-0.0,2.474774237361043,-0.0,-0.0,-0.0,-0.0,1.361215505885984,-0.0
tar-CAV1,0.3150643979256573,0.392555101345414,0.3344769706495156,0.03745924384596685,-0.0,0.04346183909612465,0.056902389884237715,10.0,0.1887303140972288,0.0403459405616966,0.5870323777493343,0.12862182700826633,3.0563263814231587,0.04477672794295085,3.988071055485028,-0.0,0.03745924384596685,0.03745924384596685,0.3551275668933957,-0.0,2.8138998767211483,0.19568830191852318,0.7722100121893135,-0.0,0.6563727957933831,0.8160596965743662,0.07251631987700903,-0.0,0.062294695770729644,0.08072783690105496,-0.0,-0.0,0.7722100121893135,-0.0,0.13369499899655896,-0.0,0.1550061288829249,10.0,-0.0,1.0530563272748197,0.635243825954304,0.26272126713031335,-0.0,0.32583098272888067,-0.0,-0.0,-0.0,-0.0,0.5413963639219164,-0.0
tar-CD86,1.3709137382306005,1.5939829353342163,0.13983544807160156,0.15204427737785753,-0.0,0.17140924148787443,-0.0,8.819854309346015,-0.0,0.6853367894688285,0.3150643979256573,0.12862182700826633,3.734679655078286,0.04477672794295085,4.751471901569908,0.048973970550640324,0.03745924384596685,0.358696136699317,0.3551275668933957,-0.0,3.5003296221903857,0.44306166026324756,0.37774903868508325,-0.0,0.6563727957933831,1.2597509453999525,-0.0,0.5270584946514052,-0.0,-0.0,0.11028702852884227,0.1273556354106071,1.8858094572989157,-0.0,0.13369499899655896,0.13588770492732924,-0.0,5.482185911567175,-0.0,1.6855120916013522,-0.0,0.26272126713031335,0.2835764375563126,0.32583098272888067,0.45314059163856135,-0.0,-0.0,-0.0,0.5413963639219164,-0.0
tar-CMTM6,0.9411317651796155,1.1126274008583414,0.3344769706495156,0.6563727957933831,-0.0,0.39651989005464505,-0.0,6.9454620817363235,-0.0,3.3678821132403924,0.9411317651796155,0.12862182700826633,-0.0,1.1386298828951664,2.6226130217083385,0.4298144974392295,-0.0,0.15204427737785753,1.4877359898324765,-0.0,1.1386298828951664,1.2209463639798102,0.37774903868508325,-0.0,0.358696136699317,0.2053875723977307,0.5608104147589565,0.06618692510630703,0.062294695770729644,0.28240346217768336,0.7472195225895986,0.1273556354106071,0.11567298275427809,0.13588770492732924,0.13369499899655896,0.43051167313617694,-0.0,7.565405032503728,-0.0,1.0530563272748197,2.7076934877355248,-0.0,-0.0,0.8844086778149785,0.45314059163856135,-0.0,-0.0,-0.0,0.5413963639219164,-0.0
tar-CUL3,10.0,1.5939829353342163,-0.0,0.15204427737785753,0.1693632316628214,0.17140924148787443,0.2129945135172576,10.0,0.1887303140972288,2.7002256895360217,1.8701905628548172,0.03044898460329131,0.03090214719636495,0.7282487811347562,7.33174976713818,0.1887303140972288,-0.0,0.03745924384596685,2.6074311429336032,0.3847507441037184,3.5003296221903857,0.7878387206622981,0.37774903868508325,-0.0,0.15204427737785753,2.379733518588947,-0.0,1.9583705866879677,-0.0,0.08072783690105496,0.7472195225895986,-0.0,0.7722100121893135,0.13588770492732924,0.424856384862822,0.13588770492732924,0.4792109704763898,2.821500268899934,-0.0,4.150102567606724,0.635243825954304,-0.0,0.7876385083873496,2.474774237361043,-0.0,-0.0,-0.0,-0.0,0.5413963639219164,-0.0
tar-ETV7,6.9454620817363235,0.7095080054517746,-0.0,-0.0,-0.0,0.04346183909612465,0.056902389884237715,3.734679655078286,0.048973970550640324,0.16142815431662733,0.5870323777493343,0.03044898460329131,3.734679655078286,1.1386298828951664,4.751471901569908,0.048973970550640324,0.03745924384596685,0.03745924384596685,3.2596142640640675,-0.0,2.8138998767211483,0.44306166026324756,-0.0,-0.0,0.15204427737785753,1.2597509453999525,0.2589858554087423,1.9583705866879677,0.062294695770729644,0.08072783690105496,0.11028702852884227,-0.0,0.37774903868508325,-0.0,0.424856384862822,0.43051167313617694,-0.0,0.8732487336712079,-0.0,2.4209280812022946,-0.0,-0.0,0.2835764375563126,1.6127723305039754,0.45314059163856135,-0.0,0.6868707251475281,-0.0,0.5413963639219164,-0.0
tar-IFNGR1,0.9411317651796155,0.0428194038316623,-0.0,-0.0,0.0428194038316623,0.17140924148787443,-0.0,10.0,0.048973970550640324,3.3678821132403924,-0.0,-0.0,-0.0,0.40457740345517473,2.0278965464553247,0.1887303140972288,-0.0,0.03745924384596685,1.0306966711889545,-0.0,7.718759099610657,0.7878387206622981,-0.0,-0.0,1.4979788684800328,1.2597509453999525,0.5608104147589565,0.9160717380232557,-0.0,-0.0,0.36343202683924125,-0.0,-0.0,-0.0,-0.0,0.13588770492732924,0.1550061288829249,10.0,-0.0,1.6855120916013522,-0.0,-0.0,-0.0,0.32583098272888067,-0.0,-0.0,-0.0,-0.0,2.371394453101557,-0.0
tar-IFNGR2,0.9411317651796155,0.0428194038316623,-0.0,-0.0,0.0428194038316623,0.17140924148787443,-0.0,10.0,0.048973970550640324,4.091725504893003,-0.0,-0.0,-0.0,0.17557842698654863,2.0278965464553247,0.1887303140972288,-0.0,0.03745924384596685,1.0306966711889545,-0.0,7.718759099610657,1.2209463639798102,-0.0,-0.0,1.4979788684800328,1.2597509453999525,0.5608104147589565,0.9160717380232557,-0.0,-0.0,0.36343202683924125,-0.0,-0.0,-0.0,-0.0,0.13588770492732924,0.1550061288829249,10.0,-0.0,1.6855120916013522,-0.0,-0.0,-0.0,0.32583098272888067,-0.0,-0.0,-0.0,-0.0,2.371394453101557,-0.0
tar-IRF1,1.3709137382306005,0.0428194038316623,-0.0,0.03745924384596685,0.0428194038316623,0.17140924148787443,0.056902389884237715,10.0,0.048973970550640324,3.3678821132403924,0.03090214719636495,-0.0,0.03090214719636495,0.17557842698654863,3.988071055485028,0.1887303140972288,0.03745924384596685,0.03745924384596685,1.0306966711889545,0.041563733259286965,7.718759099610657,0.19568830191852318,-0.0,-0.0,0.6563727957933831,0.46141557458560667,0.5608104147589565,0.9160717380232557,0.062294695770729644,-0.0,0.7472195225895986,-0.0,0.11567298275427809,-0.0,-0.0,-0.0,0.1550061288829249,7.565405032503728,-0.0,1.6855120916013522,-0.0,-0.0,-0.0,0.32583098272888067,-0.0,-0.0,-0.0,-0.0,-0.0,-0.0
tar-IRF7,1.8701905628548172,1.1126274008583414,0.13983544807160156,0.15204427737785753,-0.0,0.04346183909612465,0.056902389884237715,8.819854309346015,-0.0,2.7002256895360217,3.0563263814231587,0.311943240814888,1.3709137382306005,0.17557842698654863,3.2773372311939344,0.048973970550640324,-0.0,0.6563727957933831,1.4877359898324765,-0.0,4.243200140881569,1.2209463639798102,-0.0,-0.0,0.358696136699317,0.8160596965743662,-0.0,0.5270584946514052,-0.0,-0.0,0.36343202683924125,-0.0,2.5772777254842696,-0.0,0.8536860920436198,0.43051167313617694,-0.0,2.821500268899934,0.14508229235007464,1.6855120916013522,-0.0,-0.0,-0.0,1.6127723305039754,-0.0,-0.0,-0.0,-0.0,0.5413963639219164,-0.0
tar-JAK2,0.9411317651796155,0.0428194038316623,0.03376905117920521,-0.0,0.0428194038316623,0.17140924148787443,-0.0,10.0,0.048973970550640324,3.3678821132403924,-0.0,-0.0,0.03090214719636495,0.17557842698654863,2.0278965464553247,0.1887303140972288,-0.0,0.03745924384596685,1.0306966711889545,-0.0,7.718759099610657,0.7878387206622981,-0.0,-0.0,1.4979788684800328,1.2597509453999525,0.5608104147589565,0.9160717380232557,-0.0,-0.0,0.36343202683924125,-0.0,-0.0,-0.0,-0.0,0.13588770492732924,0.1550061288829249,10.0,-0.0,1.6855120916013522,-0.0,-0.0,-0.0,0.32583098272888067,-0.0,0.41268871847646604,-0.0,-0.0,2.371394453101557,0.48780486832783115
tar-MARCH8,2.4335337571096023,2.1465570053216174,0.03376905117920521,0.358696136699317,0.0428194038316623,0.39651989005464505,0.056902389884237715,10.0,-0.0,2.092795039440452,0.5870323777493343,0.12862182700826633,0.03090214719636495,0.40457740345517473,3.988071055485028,0.1887303140972288,0.03745924384596685,0.03745924384596685,1.0306966711889545,0.16534659293637907,0.40457740345517473,1.7336626879660995,0.7722100121893135,-0.0,1.0385765252132555,1.2597509453999525,0.07251631987700903,1.3964483798998981,0.22912127249337436,-0.0,0.11028702852884227,0.1273556354106071,0.11567298275427809,-0.0,0.8536860920436198,0.43051167313617694,-0.0,10.0,0.14508229235007464,1.0530563272748197,1.2072555185818277,-0.0,0.2835764375563126,0.32583098272888067,0.45314059163856135,-0.0,-0.0,-0.0,0.5413963639219164,-0.0
tar-MYC,0.3150643979256573,0.0428194038316623,0.13983544807160156,0.358696136699317,-0.0,0.04346183909612465,0.056902389884237715,9.81901816594275,0.048973970550640324,5.695043143309652,0.03090214719636495,0.03044898460329131,0.13016627127880748,1.1386298828951664,3.2773372311939344,1.1927620967736454,-0.0,0.03745924384596685,1.0306966711889545,0.041563733259286965,2.188005393607646,1.7336626879660995,-0.0,-0.0,0.6563727957933831,1.2597509453999525,0.5608104147589565,0.9160717380232557,-0.0,-0.0,0.7472195225895986,-0.0,-0.0,0.13588770492732924,-0.0,0.13588770492732924,-0.0,10.0,0.14508229235007464,1.0530563272748197,0.21867436511217475,0.26272126713031335,-0.0,1.6127723305039754,-0.0,-0.0,-0.0,-0.0,1.361215505885984,-0.0
tar-NFKBIA,1.3709137382306005,0.392555101345414,0.13983544807160156,2.6226130217083385,0.0428194038316623,0.39651989005464505,0.2129945135172576,3.0563263814231587,0.048973970550640324,1.0790034500152181,0.5870323777493343,0.12862182700826633,0.13016627127880748,1.6275912215857873,1.4979788684800328,0.4298144974392295,0.03745924384596685,-0.0,1.4877359898324765,-0.0,1.1386298828951664,0.7878387206622981,-0.0,0.03090214719636495,0.6563727957933831,0.46141557458560667,1.4656139467562197,0.06618692510630703,-0.0,0.08072783690105496,1.243537620207924,-0.0,0.37774903868508325,0.13588770492732924,0.13369499899655896,0.8633964793471515,0.1550061288829249,2.080691597029355,-0.0,1.6855120916013522,0.635243825954304,0.26272126713031335,0.7876385083873496,0.8844086778149785,-0.0,-0.0,0.6868707251475281,-0.0,-0.0,-0.0
tar-PDCD1LG2,0.13016627127880748,0.0428194038316623,0.13983544807160156,-0.0,-0.0,0.39651989005464505,-0.0,10.0,-0.0,0.6853367894688285,-0.0,0.03044898460329131,3.734679655078286,0.40457740345517473,2.6226130217083385,-0.0,0.15204427737785753,0.03745924384596685,0.3551275668933957,-0.0,2.188005393607646,0.19568830191852318,0.7722100121893135,-0.0,0.6563727957933831,0.8160596965743662,0.07251631987700903,-0.0,0.062294695770729644,-0.0,0.36343202683924125,-0.0,0.7722100121893135,-0.0,-0.0,0.43051167313617694,-0.0,10.0,-0.0,0.5424689622677614,0.21867436511217475,-0.0,-0.0,0.32583098272888067,-0.0,-0.0,-0.0,-0.0,0.5413963639219164,-0.0
tar-POU2F2,1.8701905628548172,2.764440187558195,0.03376905117920521,0.6563727957933831,0.0428194038316623,0.39651989005464505,0.4757236134745276,1.3709137382306005,0.048973970550640324,1.550446173063997,2.4335337571096023,0.12862182700826633,1.3709137382306005,1.1386298828951664,1.4979788684800328,0.4298144974392295,1.0385765252132555,1.0385765252132555,1.4877359898324765,0.16534659293637907,0.7282487811347562,1.2209463639798102,-0.0,0.03090214719636495,0.358696136699317,0.8160596965743662,2.7012960780135606,0.5270584946514052,0.22912127249337436,0.08072783690105496,1.243537620207924,-0.0,0.37774903868508325,0.13588770492732924,0.424856384862822,-0.0,-0.0,0.43625800198504056,-0.0,1.0530563272748197,1.2072555185818277,0.7392316789472965,-0.0,1.6127723305039754,1.1684688443557811,-0.0,-0.0,-0.0,1.361215505885984,-0.0
tar-SMAD4,1.3709137382306005,1.1126274008583414,0.3344769706495156,1.0385765252132555,0.1693632316628214,1.1212186686698804,0.2129945135172576,0.5870323777493343,0.1887303140972288,2.092795039440452,0.13016627127880748,0.03044898460329131,0.03090214719636495,3.5003296221903857,1.0385765252132555,1.1927620967736454,-0.0,0.03745924384596685,2.6074311429336032,0.041563733259286965,0.40457740345517473,2.3185359335618156,0.11567298275427809,-0.0,1.0385765252132555,0.8160596965743662,0.2589858554087423,0.06618692510630703,-0.0,1.0307332063730286,1.243537620207924,-0.0,-0.0,-0.0,0.13369499899655896,0.13588770492732924,0.4792109704763898,0.13812177970569714,-0.0,1.6855120916013522,1.904800937753285,-0.0,3.164391486144713,0.32583098272888067,0.45314059163856135,-0.0,0.6868707251475281,-0.0,1.361215505885984,-0.0
tar-SPI1,0.9411317651796155,1.5939829353342163,0.13983544807160156,0.15204427737785753,-0.0,0.17140924148787443,0.056902389884237715,1.8701905628548172,0.1887303140972288,3.3678821132403924,0.5870323777493343,0.12862182700826633,0.03090214719636495,2.188005393607646,0.358696136699317,0.1887303140972288,0.03745924384596685,-0.0,3.2596142640640675,-0.0,1.6275912215857873,1.7336626879660995,-0.0,-0.0,2.0278965464553247,0.46141557458560667,0.5608104147589565,0.5270584946514052,-0.0,0.08072783690105496,0.7472195225895986,-0.0,0.11567298275427809,-0.0,0.13369499899655896,0.43051167313617694,-0.0,1.4270584298459188,0.14508229235007464,1.6855120916013522,1.2072555185818277,-0.0,-0.0,0.8844086778149785,0.45314059163856135,-0.0,-0.0,-0.0,1.361215505885984,-0.0
tar-STAT1,0.5870323777493343,0.0428194038316623,-0.0,-0.0,0.0428194038316623,0.17140924148787443,-0.0,10.0,-0.0,3.3678821132403924,-0.0,-0.0,-0.0,-0.0,2.0278965464553247,0.048973970550640324,-0.0,-0.0,0.3551275668933957,-0.0,5.0391064293819126,0.44306166026324756,0.37774903868508325,-0.0,1.0385765252132555,0.8160596965743662,0.5608104147589565,0.5270584946514052,0.062294695770729644,-0.0,0.11028702852884227,-0.0,-0.0,-0.0,-0.0,0.13588770492732924,0.1550061288829249,10.0,-0.0,1.6855120916013522,0.21867436511217475,-0.0,-0.0,0.32583098272888067,-0.0,-0.0,-0.0,-0.0,0.5413963639219164,-0.0
tar-STAT2,0.9411317651796155,0.1693632316628214,-0.0,-0.0,-0.0,0.04346183909612465,-0.0,10.0,-0.0,0.3771098344963395,-0.0,-0.0,-0.0,-0.0,2.0278965464553247,-0.0,-0.0,0.15204427737785753,-0.0,-0.0,0.17557842698654863,0.19568830191852318,0.7722100121893135,-0.0,0.6563727957933831,0.46141557458560667,0.07251631987700903,-0.0,0.062294695770729644,-0.0,0.11028702852884227,-0.0,-0.0,-0.0,0.13369499899655896,-0.0,-0.0,10.0,0.14508229235007464,1.0530563272748197,0.635243825954304,-0.0,-0.0,-0.0,-0.0,-0.0,0.6868707251475281,-0.0,-0.0,-0.0
tar-STAT3,3.0563263814231587,1.1126274008583414,-0.0,0.358696136699317,0.0428194038316623,0.39651989005464505,0.056902389884237715,6.9454620817363235,-0.0,1.0790034500152181,0.03090214719636495,-0.0,2.4335337571096023,1.1386298828951664,0.6563727957933831,0.1887303140972288,0.15204427737785753,0.03745924384596685,2.6074311429336032,0.041563733259286965,2.8138998767211483,1.2209463639798102,0.11567298275427809,-0.0,1.4979788684800328,1.2597509453999525,0.2589858554087423,0.9160717380232557,-0.0,-0.0,0.36343202683924125,-0.0,0.11567298275427809,-0.0,0.13369499899655896,0.13588770492732924,-0.0,3.6399646366253893,-0.0,2.4209280812022946,0.635243825954304,-0.0,-0.0,1.6127723305039754,-0.0,-0.0,-0.0,-0.0,0.5413963639219164,-0.0
tar-STAT5A,1.3709137382306005,0.392555101345414,0.13983544807160156,0.15204427737785753,0.0428194038316623,0.04346183909612465,0.056902389884237715,7.861599483728666,0.048973970550640324,2.092795039440452,0.5870323777493343,0.03044898460329131,0.5870323777493343,1.6275912215857873,2.6226130217083385,0.048973970550640324,0.358696136699317,0.358696136699317,1.4877359898324765,-0.0,3.5003296221903857,0.44306166026324756,0.37774903868508325,-0.0,1.4979788684800328,2.379733518588947,0.9669980240652357,0.9160717380232557,0.062294695770729644,-0.0,1.243537620207924,-0.0,0.7722100121893135,-0.0,-0.0,0.43051167313617694,-0.0,5.482185911567175,0.45406390884064557,1.6855120916013522,-0.0,-0.0,-0.0,1.6127723305039754,-0.0,-0.0,-0.0,-0.0,2.371394453101557,-0.0
tar-TNFRSF14,3.0563263814231587,1.1126274008583414,0.03376905117920521,2.0278965464553247,-0.0,0.39651989005464505,0.2129945135172576,6.9454620817363235,0.048973970550640324,4.868386896554033,0.3150643979256573,0.12862182700826633,2.4335337571096023,0.04477672794295085,3.2773372311939344,0.1887303140972288,2.0278965464553247,0.358696136699317,0.6507401325491515,0.6973081294797628,0.7282487811347562,1.2209463639798102,-0.0,-0.0,0.15204427737785753,1.2597509453999525,0.07251631987700903,0.5270584946514052,0.062294695770729644,0.08072783690105496,1.243537620207924,-0.0,0.11567298275427809,0.43051167313617694,0.13369499899655896,0.13588770492732924,-0.0,2.821500268899934,0.14508229235007464,1.6855120916013522,0.21867436511217475,1.377755160142912,-0.0,2.474774237361043,-0.0,-0.0,-0.0,-0.0,0.5413963639219164,-0.0
tar-UBE2L6,3.734679655078286,1.1126274008583414,-0.0,0.358696136699317,0.0428194038316623,0.04346183909612465,0.056902389884237715,10.0,1.1927620967736454,2.7002256895360217,0.9411317651796155,0.03044898460329131,-0.0,0.7282487811347562,4.751471901569908,0.1887303140972288,0.03745924384596685,0.358696136699317,1.0306966711889545,0.16534659293637907,4.243200140881569,3.681222277206864,-0.0,-0.0,2.0278965464553247,1.2597509453999525,0.07251631987700903,2.59379522354458,-0.0,-0.0,1.243537620207924,0.1273556354106071,0.11567298275427809,-0.0,0.424856384862822,0.43051167313617694,0.1550061288829249,4.528771163648638,-0.0,3.245778104441293,-0.0,-0.0,-0.0,1.6127723305039754,0.45314059163856135,-0.0,-0.0,-0.0,0.5413963639219164,-0.0
